{"cameraMode":{"drawMode":0,"name":"Shaded","section":"Shading Mode"},"sceneLighting":false,"audioPlay":false,"sceneViewState":{"showFog":true,"showMaterialUpdate":false,"showSkybox":false,"showFlares":true,"showImageEffects":true,"showParticleSystems":true},"in2DMode":false,"pivot":{"x":10.5836181640625,"y":7.288486480712891,"z":5.360311508178711},"rotation":{"x":0.6990042924880981,"y":0.00020580212003551424,"z":-0.0001992207980947569,"w":0.7151231169700623},"size":2.8578836917877199,"orthographic":false}