{"cameraMode":{"drawMode":0,"name":"Shaded","section":"Shading Mode"},"sceneLighting":false,"audioPlay":false,"sceneViewState":{"showFog":true,"showMaterialUpdate":false,"showSkybox":false,"showFlares":true,"showImageEffects":true,"showParticleSystems":true},"in2DMode":false,"pivot":{"x":0.019999999552965165,"y":0.315021812915802,"z":0.4700000286102295},"rotation":{"x":0.033524587750434878,"y":-0.6661190986633301,"z":0.0299956277012825,"w":0.7444882988929749},"size":1.0905067920684815,"orthographic":false}