{"cameraMode":{"drawMode":0,"name":"Shaded","section":"Shading Mode"},"sceneLighting":false,"audioPlay":false,"sceneViewState":{"showFog":true,"showMaterialUpdate":false,"showSkybox":false,"showFlares":true,"showImageEffects":true,"showParticleSystems":true},"in2DMode":false,"pivot":{"x":4.775713920593262,"y":-5.414723873138428,"z":1.9202637672424317},"rotation":{"x":0.6798897385597229,"y":0.0037078242748975755,"z":-0.0034673302434384825,"w":0.7333307862281799},"size":2.8578836917877199,"orthographic":false}