{"cameraMode":{"drawMode":0,"name":"Shaded","section":"Shading Mode"},"sceneLighting":false,"audioPlay":false,"sceneViewState":{"showFog":true,"showMaterialUpdate":false,"showSkybox":false,"showFlares":true,"showImageEffects":true,"showParticleSystems":true},"in2DMode":false,"pivot":{"x":6.961334705352783,"y":-5.857417106628418,"z":-0.3140263557434082},"rotation":{"x":-0.1914001852273941,"y":-0.012912633828818798,"z":0.0025684870779514314,"w":-0.9814514517784119},"size":0.8083310127258301,"orthographic":false}