{"cameraMode":{"drawMode":0,"name":"Shaded","section":"Shading Mode"},"sceneLighting":false,"audioPlay":false,"sceneViewState":{"showFog":true,"showMaterialUpdate":false,"showSkybox":false,"showFlares":true,"showImageEffects":true,"showParticleSystems":true},"in2DMode":false,"pivot":{"x":-0.011554306373000145,"y":0.569206953048706,"z":0.6431975364685059},"rotation":{"x":-0.1089693233370781,"y":-0.6192459464073181,"z":0.0873425081372261,"w":-0.7726959586143494},"size":1.7355515956878663,"orthographic":false}