{"cameraMode":{"drawMode":0,"name":"Shaded","section":"Shading Mode"},"sceneLighting":false,"audioPlay":false,"sceneViewState":{"showFog":true,"showMaterialUpdate":false,"showSkybox":false,"showFlares":true,"showImageEffects":true,"showParticleSystems":true},"in2DMode":false,"pivot":{"x":452.9189453125,"y":219.38034057617188,"z":572.62109375},"rotation":{"x":-0.009599709883332253,"y":-0.01229710690677166,"z":0.00012837231042794883,"w":-0.9999009370803833},"size":1097.2816162109375,"orthographic":false}